[
  {"alpha2": "AF", "code": "+93", "name": "Afghanistan"},
  {"alpha2": "AL", "code": "+355", "name": "Albania"},
  {"alpha2": "DZ", "code": "+213", "name": "Algeria"},
  {"alpha2": "AS", "code": "+1 684", "name": "American Samoa"},
  {"alpha2": "AD", "code": "+376", "name": "Andorra"},
  {"alpha2": "AO", "code": "+244", "name": "Angola"},
  {"alpha2": "AI", "code": "+1 264", "name": "Anguilla"},
  {"alpha2": "AG", "code": "+1 268", "name": "Antigua and Barbuda"},
  {"alpha2": "AR", "code": "+54", "name": "Argentina"},
  {"alpha2": "AM", "code": "+374", "name": "Armenia"},
  {"alpha2": "AW", "code": "+297", "name": "Aruba"},
  {"alpha2": "AC", "code": "+247", "name": "Ascension"},
  {"alpha2": "AU", "code": "+61", "name": "Australia"},
  {"alpha2": "AT", "code": "+43", "name": "Austria"},
  {"alpha2": "AZ", "code": "+994", "name": "Azerbaijan"},
  {"alpha2": "BS", "code": "+1 242", "name": "Bahamas"},
  {"alpha2": "BH", "code": "+973", "name": "Bahrain"},
  {"alpha2": "BD", "code": "+880", "name": "Bangladesh"},
  {"alpha2": "BB", "code": "+1 246", "name": "Barbados"},
  {"alpha2": "BY", "code": "+375", "name": "Belarus"},
  {"alpha2": "BE", "code": "+32", "name": "Belgium"},
  {"alpha2": "BZ", "code": "+501", "name": "Belize"},
  {"alpha2": "BJ", "code": "+229", "name": "Benin"},
  {"alpha2": "BM", "code": "+1 441", "name": "Bermuda"},
  {"alpha2": "BT", "code": "+975", "name": "Bhutan"},
  {"alpha2": "BO", "code": "+591", "name": "Bolivia"},
  {"alpha2": "BA", "code": "+387", "name": "Bosnia and Herzegovina"},
  {"alpha2": "BW", "code": "+267", "name": "Botswana"},
  {"alpha2": "BR", "code": "+55", "name": "Brazil"},
  {"alpha2": "IO", "code": "+246", "name": "British Indian Ocean Territory"},
  {"alpha2": "VG", "code": "+1 284", "name": "British Virgin Islands"},
  {"alpha2": "BN", "code": "+673", "name": "Brunei"},
  {"alpha2": "BG", "code": "+359", "name": "Bulgaria"},
  {"alpha2": "BF", "code": "+226", "name": "Burkina Faso"},
  {"alpha2": "BI", "code": "+257", "name": "Burundi"},
  {"alpha2": "KH", "code": "+855", "name": "Cambodia"},
  {"alpha2": "CM", "code": "+237", "name": "Cameroon"},
  {"alpha2": "CA", "code": "+1", "name": "Canada"},
  {"alpha2": "CV", "code": "+238", "name": "Cape Verde"},
  {"alpha2": "KY", "code": "+1 345", "name": "Cayman Islands"},
  {"alpha2": "CF", "code": "+236", "name": "Central African Republic"},
  {"alpha2": "TD", "code": "+235", "name": "Chad"},
  {"alpha2": "CL", "code": "+56", "name": "Chile"},
  {"alpha2": "CN", "code": "+86", "name": "China"},
  {"alpha2": "CX", "code": "+61", "name": "Christmas Island"},
  {"alpha2": "CC", "code": "+61", "name": "Cocos-Keeling Islands"},
  {"alpha2": "CO", "code": "+57", "name": "Colombia"},
  {"alpha2": "KM", "code": "+269", "name": "Comoros"},
  {"alpha2": "CG", "code": "+242", "name": "Congo"},
  {"alpha2": "CD", "code": "+243", "name": "Congo, Dem. Rep. of (Zaire)"},
  {"alpha2": "CK", "code": "+682", "name": "Cook Islands"},
  {"alpha2": "CR", "code": "+506", "name": "Costa Rica"},
  {"alpha2": "HR", "code": "+385", "name": "Croatia"},
  {"alpha2": "CU", "code": "+53", "name": "Cuba"},
  {"alpha2": "CW", "code": "+599", "name": "Curacao"},
  {"alpha2": "CY", "code": "+357", "name": "Cyprus"},
  {"alpha2": "CZ", "code": "+420", "name": "Czech Republic"},
  {"alpha2": "DK", "code": "+45", "name": "Denmark"},
  {"alpha2": "DG", "code": "+246", "name": "Diego Garcia"},
  {"alpha2": "DJ", "code": "+253", "name": "Djibouti"},
  {"alpha2": "DM", "code": "+1 767", "name": "Dominica"},
  {"alpha2": "DO", "code": "+1 809", "name": "Dominican Republic"},
  {"alpha2": "TP", "code": "+670", "name": "East Timor"},
  {"alpha2": "EC", "code": "+593", "name": "Ecuador"},
  {"alpha2": "EG", "code": "+20", "name": "Egypt"},
  {"alpha2": "SV", "code": "+503", "name": "El Salvador"},
  {"alpha2": "GQ", "code": "+240", "name": "Equatorial Guinea"},
  {"alpha2": "ER", "code": "+291", "name": "Eritrea"},
  {"alpha2": "EE", "code": "+372", "name": "Estonia"},
  {"alpha2": "ET", "code": "+251", "name": "Ethiopia"},
  {"alpha2": "FK", "code": "+500", "name": "Falkland Islands"},
  {"alpha2": "FO", "code": "+298", "name": "Faroe Islands"},
  {"alpha2": "FJ", "code": "+679", "name": "Fiji"},
  {"alpha2": "FI", "code": "+358", "name": "Finland"},
  {"alpha2": "FR", "code": "+33", "name": "France"},
  {"alpha2": "GF", "code": "+594", "name": "French Guiana"},
  {"alpha2": "PF", "code": "+689", "name": "French Polynesia"},
  {"alpha2": "GA", "code": "+241", "name": "Gabon"},
  {"alpha2": "GM", "code": "+220", "name": "Gambia"},
  {"alpha2": "GE", "code": "+995", "name": "Georgia"},
  {"alpha2": "DE", "code": "+49", "name": "Germany"},
  {"alpha2": "GH", "code": "+233", "name": "Ghana"},
  {"alpha2": "GI", "code": "+350", "name": "Gibraltar"},
  {"alpha2": "GR", "code": "+30", "name": "Greece"},
  {"alpha2": "GL", "code": "+299", "name": "Greenland"},
  {"alpha2": "GD", "code": "+1 473", "name": "Grenada"},
  {"alpha2": "GP", "code": "+590", "name": "Guadeloupe"},
  {"alpha2": "GU", "code": "+1 671", "name": "Guam"},
  {"alpha2": "GT", "code": "+502", "name": "Guatemala"},
  {"alpha2": "GN", "code": "+224", "name": "Guinea"},
  {"alpha2": "GW", "code": "+245", "name": "Guinea-Bissau"},
  {"alpha2": "GY", "code": "+592", "name": "Guyana"},
  {"alpha2": "HT", "code": "+509", "name": "Haiti"},
  {"alpha2": "HN", "code": "+504", "name": "Honduras"},
  {"alpha2": "HK", "code": "+852", "name": "Hong Kong SAR China"},
  {"alpha2": "HU", "code": "+36", "name": "Hungary"},
  {"alpha2": "IS", "code": "+354", "name": "Iceland"},
  {"alpha2": "IN", "code": "+91", "name": "India"},
  {"alpha2": "ID", "code": "+62", "name": "Indonesia"},
  {"alpha2": "IR", "code": "+98", "name": "Iran"},
  {"alpha2": "IQ", "code": "+964", "name": "Iraq"},
  {"alpha2": "IE", "code": "+353", "name": "Ireland"},
  {"alpha2": "IL", "code": "+972", "name": "Israel"},
  {"alpha2": "IT", "code": "+39", "name": "Italy"},
  {"alpha2": "CI", "code": "+225", "name": "Ivory Coast"},
  {"alpha2": "JM", "code": "+1 876", "name": "Jamaica"},
  {"alpha2": "JP", "code": "+81", "name": "Japan"},
  {"alpha2": "JO", "code": "+962", "name": "Jordan"},
  {"alpha2": "KZ", "code": "+7", "name": "Kazakhstan"},
  {"alpha2": "KE", "code": "+254", "name": "Kenya"},
  {"alpha2": "KI", "code": "+686", "name": "Kiribati"},
  {"alpha2": "XK", "code": "+383", "name": "Kosovo"},
  {"alpha2": "KW", "code": "+965", "name": "Kuwait"},
  {"alpha2": "KG", "code": "+996", "name": "Kyrgyzstan"},
  {"alpha2": "LA", "code": "+856", "name": "Laos"},
  {"alpha2": "LV", "code": "+371", "name": "Latvia"},
  {"alpha2": "LB", "code": "+961", "name": "Lebanon"},
  {"alpha2": "LS", "code": "+266", "name": "Lesotho"},
  {"alpha2": "LR", "code": "+231", "name": "Liberia"},
  {"alpha2": "LY", "code": "+218", "name": "Libya"},
  {"alpha2": "LI", "code": "+423", "name": "Liechtenstein"},
  {"alpha2": "LT", "code": "+370", "name": "Lithuania"},
  {"alpha2": "LU", "code": "+352", "name": "Luxembourg"},
  {"alpha2": "MO", "code": "+853", "name": "Macau SAR China"},
  {"alpha2": "MK", "code": "+389", "name": "North Macedonia"},
  {"alpha2": "MG", "code": "+261", "name": "Madagascar"},
  {"alpha2": "MW", "code": "+265", "name": "Malawi"},
  {"alpha2": "MY", "code": "+60", "name": "Malaysia"},
  {"alpha2": "MV", "code": "+960", "name": "Maldives"},
  {"alpha2": "ML", "code": "+223", "name": "Mali"},
  {"alpha2": "MT", "code": "+356", "name": "Malta"},
  {"alpha2": "MH", "code": "+692", "name": "Marshall Islands"},
  {"alpha2": "MQ", "code": "+596", "name": "Martinique"},
  {"alpha2": "MR", "code": "+222", "name": "Mauritania"},
  {"alpha2": "MU", "code": "+230", "name": "Mauritius"},
  {"alpha2": "YT", "code": "+262", "name": "Mayotte"},
  {"alpha2": "MX", "code": "+52", "name": "Mexico"},
  {"alpha2": "FM", "code": "+691", "name": "Micronesia"},
  {"alpha2": "MI", "code": "+1 808", "name": "Midway Island"},
  {"alpha2": "MD", "code": "+373", "name": "Moldova"},
  {"alpha2": "MC", "code": "+377", "name": "Monaco"},
  {"alpha2": "MN", "code": "+976", "name": "Mongolia"},
  {"alpha2": "ME", "code": "+382", "name": "Montenegro"},
  {"alpha2": "MS", "code": "+1664", "name": "Montserrat"},
  {"alpha2": "MA", "code": "+212", "name": "Morocco"},
  {"alpha2": "MZ", "code": "+258", "name": "Mozambique"},
  {"alpha2": "MM", "code": "+95", "name": "Myanmar"},
  {"alpha2": "NA", "code": "+264", "name": "Namibia"},
  {"alpha2": "NR", "code": "+674", "name": "Nauru"},
  {"alpha2": "NP", "code": "+977", "name": "Nepal"},
  {"alpha2": "NL", "code": "+31", "name": "Netherlands"},
  {"alpha2": "AN", "code": "+599", "name": "Netherlands Antilles"},
  {"alpha2": "KN", "code": "+1 869", "name": "Nevis"},
  {"alpha2": "NC", "code": "+687", "name": "New Caledonia"},
  {"alpha2": "NZ", "code": "+64", "name": "New Zealand"},
  {"alpha2": "NI", "code": "+505", "name": "Nicaragua"},
  {"alpha2": "NE", "code": "+227", "name": "Niger"},
  {"alpha2": "NG", "code": "+234", "name": "Nigeria"},
  {"alpha2": "NU", "code": "+683", "name": "Niue"},
  {"alpha2": "NF", "code": "+672", "name": "Norfolk Island"},
  {"alpha2": "KP", "code": "+850", "name": "North Korea"},
  {"alpha2": "MP", "code": "+1 670", "name": "Northern Mariana Islands"},
  {"alpha2": "NO", "code": "+47", "name": "Norway"},
  {"alpha2": "OM", "code": "+968", "name": "Oman"},
  {"alpha2": "PK", "code": "+92", "name": "Pakistan"},
  {"alpha2": "PW", "code": "+680", "name": "Palau"},
  {"alpha2": "PS", "code": "+970", "name": "Palestinian Territory"},
  {"alpha2": "PA", "code": "+507", "name": "Panama"},
  {"alpha2": "PG", "code": "+675", "name": "Papua New Guinea"},
  {"alpha2": "PY", "code": "+595", "name": "Paraguay"},
  {"alpha2": "PE", "code": "+51", "name": "Peru"},
  {"alpha2": "PH", "code": "+63", "name": "Philippines"},
  {"alpha2": "PL", "code": "+48", "name": "Poland"},
  {"alpha2": "PT", "code": "+351", "name": "Portugal"},
  {"alpha2": "PR", "code": "+1 787", "name": "Puerto Rico"},
  {"alpha2": "QA", "code": "+974", "name": "Qatar"},
  {"alpha2": "RE", "code": "+262", "name": "Reunion"},
  {"alpha2": "RO", "code": "+40", "name": "Romania"},
  {"alpha2": "RU", "code": "+7", "name": "Russia"},
  {"alpha2": "RW", "code": "+250", "name": "Rwanda"},
  {"alpha2": "WS", "code": "+685", "name": "Samoa"},
  {"alpha2": "SM", "code": "+378", "name": "San Marino"},
  {"alpha2": "SA", "code": "+966", "name": "Saudi Arabia"},
  {"alpha2": "SN", "code": "+221", "name": "Senegal"},
  {"alpha2": "RS", "code": "+381", "name": "Serbia"},
  {"alpha2": "SC", "code": "+248", "name": "Seychelles"},
  {"alpha2": "SL", "code": "+232", "name": "Sierra Leone"},
  {"alpha2": "SG", "code": "+65", "name": "Singapore"},
  {"alpha2": "SX", "code": "+1721", "name": "Sint Maarten"},
  {"alpha2": "SK", "code": "+421", "name": "Slovakia"},
  {"alpha2": "SI", "code": "+386", "name": "Slovenia"},
  {"alpha2": "SB", "code": "+677", "name": "Solomon Islands"},
  {"alpha2": "SO", "code": "+252", "name": "Somalia"},
  {"alpha2": "ZA", "code": "+27", "name": "South Africa"},
  {"alpha2": "GS", "code": "+500", "name": "South Georgia and the South Sandwich Islands"},
  {"alpha2": "KR", "code": "+82", "name": "South Korea"},
  {"alpha2": "ES", "code": "+34", "name": "Spain"},
  {"alpha2": "LK", "code": "+94", "name": "Sri Lanka"},
  {"alpha2": "SD", "code": "+249", "name": "Sudan"},
  {"alpha2": "SR", "code": "+597", "name": "Suriname"},
  {"alpha2": "SZ", "code": "+268", "name": "Swaziland"},
  {"alpha2": "SE", "code": "+46", "name": "Sweden"},
  {"alpha2": "CH", "code": "+41", "name": "Switzerland"},
  {"alpha2": "SY", "code": "+963", "name": "Syria"},
  {"alpha2": "TW", "code": "+886", "name": "Taiwan"},
  {"alpha2": "TJ", "code": "+992", "name": "Tajikistan"},
  {"alpha2": "TZ", "code": "+255", "name": "Tanzania"},
  {"alpha2": "TH", "code": "+66", "name": "Thailand"},
  {"alpha2": "TL", "code": "+670", "name": "Timor Leste"},
  {"alpha2": "TG", "code": "+228", "name": "Togo"},
  {"alpha2": "TK", "code": "+690", "name": "Tokelau"},
  {"alpha2": "TO", "code": "+676", "name": "Tonga"},
  {"alpha2": "TT", "code": "+1 868", "name": "Trinidad and Tobago"},
  {"alpha2": "TN", "code": "+216", "name": "Tunisia"},
  {"alpha2": "TR", "code": "+90", "name": "Turkey"},
  {"alpha2": "TM", "code": "+993", "name": "Turkmenistan"},
  {"alpha2": "TC", "code": "+1 649", "name": "Turks and Caicos Islands"},
  {"alpha2": "TV", "code": "+688", "name": "Tuvalu"},
  {"alpha2": "VI", "code": "+1 340", "name": "U.S. Virgin Islands"},
  {"alpha2": "UG", "code": "+256", "name": "Uganda"},
  {"alpha2": "UA", "code": "+380", "name": "Ukraine"},
  {"alpha2": "AE", "code": "+971", "name": "United Arab Emirates"},
  {"alpha2": "GB", "code": "+44", "name": "United Kingdom"},
  {"alpha2": "US", "code": "+1", "name": "United States"},
  {"alpha2": "UY", "code": "+598", "name": "Uruguay"},
  {"alpha2": "UZ", "code": "+998", "name": "Uzbekistan"},
  {"alpha2": "VU", "code": "+678", "name": "Vanuatu"},
  {"alpha2": "VE", "code": "+58", "name": "Venezuela"},
  {"alpha2": "VN", "code": "+84", "name": "Vietnam"},
  {"alpha2": "WK", "code": "+1 808", "name": "Wake Island"},
  {"alpha2": "WF", "code": "+681", "name": "Wallis and Futuna"},
  {"alpha2": "YE", "code": "+967", "name": "Yemen"},
  {"alpha2": "ZM", "code": "+260", "name": "Zambia"},
  {"alpha2": "ZW", "code": "+263", "name": "Zimbabwe"}
]
