[
  {
    "emoji": "angry",
    "shortcuts": [
      ">:(",
      ">:-(",
      ">=(",
      ">=-("
    ]
  },
  {
    "emoji": "blush",
    "shortcuts": [
      ":\")",
      ":-\")",
      "=\")",
      "=-\")"
    ]
  },
  {
    "emoji": "broken_heart",
    "shortcuts": [
      "</3",
      "<\\3"
    ]
  },
  {
    "emoji": "confused",
    "shortcuts": [
      ":-\\",
      ":-/",
      "=-\\",
      "=-/"
    ]
  },
  {
    "emoji": "cry",
    "shortcuts": [
      ":'(",
      ":'-(",
      ":,(",
      ":,-(",
      "='(",
      "='-(",
      "=,(",
      "=,-("
    ]
  },
  {
    "emoji": "frowning",
    "shortcuts": [
      ":(",
      ":-(",
      "=(",
      "=-("
    ]
  },
  {
    "emoji": "heart",
    "shortcuts": [
      "<3",
      "♡"
    ]
  },
  {
    "emoji": "imp",
    "shortcuts": [
      "]:(",
      "]:-(",
      "]=(",
      "]=-("
    ]
  },
  {
    "emoji": "innocent",
    "shortcuts": [
      "o:)",
      "O:)",
      "o:-)",
      "O:-)",
      "0:)",
      "0:-)",
      "o=)",
      "O=)",
      "o=-)",
      "O=-)",
      "0=)",
      "0=-)"
    ]
  },
  {
    "emoji": "joy",
    "shortcuts": [
      ":')",
      ":'-)",
      ":,)",
      ":,-)",
      ":'D",
      ":'-D",
      ":,D",
      ":,-D",
      "=')",
      "='-)",
      "=,)",
      "=,-)",
      "='D",
      "='-D",
      "=,D",
      "=,-D"
    ]
  },
  {
    "emoji": "kissing",
    "shortcuts": [
      ":*",
      ":-*",
      "=*",
      "=-*"
    ]
  },
  {
    "emoji": "laughing",
    "shortcuts": [
      "x-)",
      "X-)"
    ]
  },
  {
    "emoji": "neutral_face",
    "shortcuts": [
      ":|",
      ":-|",
      "=|",
      "=-|"
    ]
  },
  {
    "emoji": "open_mouth",
    "shortcuts": [
      ":o",
      ":-o",
      ":O",
      ":-O",
      "=o",
      "=-o",
      "=O",
      "=-O"
    ]
  },
  {
    "emoji": "rage",
    "shortcuts": [
      ":@",
      ":-@",
      "=@",
      "=-@"
    ]
  },
  {
    "emoji": "smile",
    "shortcuts": [
      ":D",
      ":-D",
      "=D",
      "=-D"
    ]
  },
  {
    "emoji": "slight_smile",
    "shortcuts": [
      ":)",
      ":-)",
      "=)",
      "=-)"
    ]
  },
  {
    "emoji": "smiling_imp",
    "shortcuts": [
      "]:)",
      "]:-)",
      "]=)",
      "]=-)"
    ]
  },
  {
    "emoji": "sob",
    "shortcuts": [
      ":,'(",
      ":,'-(",
      ";(",
      ";-(",
      "=,'(",
      "=,'-("
    ]
  },
  {
    "emoji": "stuck_out_tongue",
    "shortcuts": [
      ":P",
      ":-P",
      "=P",
      "=-P"
    ]
  },
  {
    "emoji": "sunglasses",
    "shortcuts": [
      "8-)",
      "B-)"
    ]
  },
  {
    "emoji": "sweat",
    "shortcuts": [
      ",:(",
      ",:-(",
      ",=(",
      ",=-("
    ]
  },
  {
    "emoji": "sweat_smile",
    "shortcuts": [
      ",:)",
      ",:-)",
      ",=)",
      ",=-)"
    ]
  },
  {
    "emoji": "unamused",
    "shortcuts": [
      ":s",
      ":-S",
      ":z",
      ":-Z",
      ":$",
      ":-$",
      "=s",
      "=-S",
      "=z",
      "=-Z",
      "=$",
      "=-$"
    ]
  },
  {
    "emoji": "wink",
    "shortcuts": [
      ";)",
      ";-)"
    ]
  }
]
