{"v":"5.5.8","fr":30,"ip":0,"op":150,"w":310,"h":300,"nm":"wave","ddd":0,"assets":[],"layers":[{"ddd":0,"ind":1,"ty":3,"nm":"Null 9","sr":1,"ks":{"o":{"a":0,"k":0,"ix":11},"r":{"a":0,"k":0,"ix":10},"p":{"a":0,"k":[128,129,0],"ix":2},"a":{"a":0,"k":[0,0,0],"ix":1},"s":{"a":0,"k":[100,100,100],"ix":6}},"ao":0,"ip":0,"op":150,"st":0,"bm":0},{"ddd":0,"ind":3,"ty":4,"nm":"line_pinky","parent":7,"sr":1,"ks":{"o":{"a":0,"k":100,"ix":11},"r":{"a":0,"k":0,"ix":10},"p":{"a":0,"k":[17.821,-4.699,0],"ix":2},"a":{"a":0,"k":[0,0,0],"ix":1},"s":{"a":0,"k":[100,100,100],"ix":6}},"ao":0,"shapes":[{"ty":"gr","it":[{"ind":0,"ty":"sh","ix":1,"ks":{"a":0,"k":{"i":[[-0.898,0.898],[0,0],[-0.898,-0.898],[0,0],[0.898,-0.898],[0,0],[0.898,0.898],[0,0]],"o":[[0,0],[0.898,-0.898],[0,0],[0.898,0.898],[0,0],[-0.898,0.898],[0,0],[-0.898,-0.898]],"v":[[-13.241,-13.241],[-13.241,-13.241],[-9.988,-13.241],[13.241,9.988],[13.241,13.241],[13.241,13.241],[9.988,13.241],[-13.241,-9.988]],"c":true},"ix":2},"nm":"Path 1","mn":"ADBE Vector Shape - Group","hd":false},{"ty":"fl","c":{"a":0,"k":[1,0.717647075653,0.074509806931,1],"ix":4},"o":{"a":0,"k":100,"ix":5},"r":1,"bm":0,"nm":"Fill 1","mn":"ADBE Vector Graphic - Fill","hd":false},{"ty":"tr","p":{"a":0,"k":[0,0],"ix":2},"a":{"a":0,"k":[0,0],"ix":1},"s":{"a":0,"k":[100,100],"ix":3},"r":{"a":0,"k":0,"ix":6},"o":{"a":0,"k":100,"ix":7},"sk":{"a":0,"k":0,"ix":4},"sa":{"a":0,"k":0,"ix":5},"nm":"Transform"}],"nm":"line_pinky","np":2,"cix":2,"bm":0,"ix":1,"mn":"ADBE Vector Group","hd":false}],"ip":0,"op":150,"st":0,"bm":0},{"ddd":0,"ind":4,"ty":4,"nm":"line_ring","parent":8,"sr":1,"ks":{"o":{"a":0,"k":100,"ix":11},"r":{"a":0,"k":0,"ix":10},"p":{"a":0,"k":[18.228,-4.137,0],"ix":2},"a":{"a":0,"k":[0,0,0],"ix":1},"s":{"a":0,"k":[100,100,100],"ix":6}},"ao":0,"shapes":[{"ty":"gr","it":[{"ind":0,"ty":"sh","ix":1,"ks":{"a":0,"k":{"i":[[-0.898,0.898],[0,0],[-0.898,-0.898],[0,0],[0.898,-0.898],[0,0],[0.898,0.898],[0,0]],"o":[[0,0],[0.898,-0.898],[0,0],[0.898,0.898],[0,0],[-0.898,0.898],[0,0],[-0.898,-0.898]],"v":[[-23.434,-23.434],[-23.434,-23.434],[-20.181,-23.434],[23.434,20.181],[23.434,23.434],[23.434,23.434],[20.181,23.434],[-23.434,-20.181]],"c":true},"ix":2},"nm":"Path 1","mn":"ADBE Vector Shape - Group","hd":false},{"ty":"fl","c":{"a":0,"k":[1,0.717647075653,0.074509806931,1],"ix":4},"o":{"a":0,"k":100,"ix":5},"r":1,"bm":0,"nm":"Fill 1","mn":"ADBE Vector Graphic - Fill","hd":false},{"ty":"tr","p":{"a":0,"k":[0,0],"ix":2},"a":{"a":0,"k":[0,0],"ix":1},"s":{"a":0,"k":[100,100],"ix":3},"r":{"a":0,"k":0,"ix":6},"o":{"a":0,"k":100,"ix":7},"sk":{"a":0,"k":0,"ix":4},"sa":{"a":0,"k":0,"ix":5},"nm":"Transform"}],"nm":"line_middle","np":2,"cix":2,"bm":0,"ix":1,"mn":"ADBE Vector Group","hd":false}],"ip":0,"op":150,"st":0,"bm":0},{"ddd":0,"ind":5,"ty":4,"nm":"line_middle","parent":9,"sr":1,"ks":{"o":{"a":0,"k":100,"ix":11},"r":{"a":0,"k":0,"ix":10},"p":{"a":0,"k":[25.405,2.891,0],"ix":2},"a":{"a":0,"k":[0,0,0],"ix":1},"s":{"a":0,"k":[100,100,100],"ix":6}},"ao":0,"shapes":[{"ty":"gr","it":[{"ind":0,"ty":"sh","ix":1,"ks":{"a":0,"k":{"i":[[-0.898,0.898],[0,0],[-0.898,-0.898],[0,0],[0.898,-0.898],[0,0],[0.898,0.898],[0,0]],"o":[[0,0],[0.898,-0.898],[0,0],[0.898,0.898],[0,0],[-0.898,0.898],[0,0],[-0.898,-0.898]],"v":[[-18.855,-18.855],[-18.855,-18.855],[-15.602,-18.855],[18.855,15.602],[18.855,18.855],[18.855,18.855],[15.602,18.855],[-18.855,-15.602]],"c":true},"ix":2},"nm":"Path 1","mn":"ADBE Vector Shape - Group","hd":false},{"ty":"fl","c":{"a":0,"k":[1,0.717647075653,0.074509806931,1],"ix":4},"o":{"a":0,"k":100,"ix":5},"r":1,"bm":0,"nm":"Fill 1","mn":"ADBE Vector Graphic - Fill","hd":false},{"ty":"tr","p":{"a":0,"k":[0,0],"ix":2},"a":{"a":0,"k":[0,0],"ix":1},"s":{"a":0,"k":[100,100],"ix":3},"r":{"a":0,"k":0,"ix":6},"o":{"a":0,"k":100,"ix":7},"sk":{"a":0,"k":0,"ix":4},"sa":{"a":0,"k":0,"ix":5},"nm":"Transform"}],"nm":"line_index","np":2,"cix":2,"bm":0,"ix":1,"mn":"ADBE Vector Group","hd":false}],"ip":0,"op":150,"st":0,"bm":0},{"ddd":0,"ind":6,"ty":4,"nm":"palm","parent":1,"sr":1,"ks":{"o":{"a":0,"k":100,"ix":11},"r":{"a":1,"k":[{"i":{"x":[0],"y":[1]},"o":{"x":[0.333],"y":[0]},"t":0,"s":[0]},{"i":{"x":[0.443],"y":[1]},"o":{"x":[0.684],"y":[0]},"t":10,"s":[-7]},{"i":{"x":[0.368],"y":[1]},"o":{"x":[0.559],"y":[0]},"t":22,"s":[35]},{"i":{"x":[0.368],"y":[1]},"o":{"x":[0.559],"y":[0]},"t":32,"s":[-23]},{"i":{"x":[0.368],"y":[1]},"o":{"x":[0.559],"y":[0]},"t":41,"s":[15]},{"i":{"x":[0.218],"y":[1]},"o":{"x":[0.672],"y":[0]},"t":51,"s":[-17]},{"i":{"x":[0.667],"y":[1]},"o":{"x":[0.672],"y":[0]},"t":61,"s":[10]},{"i":{"x":[0.667],"y":[1]},"o":{"x":[0.333],"y":[0]},"t":71,"s":[-3]},{"i":{"x":[0.667],"y":[1]},"o":{"x":[0.333],"y":[0]},"t":78,"s":[1]},{"t":84,"s":[0]}],"ix":10},"p":{"a":0,"k":[55.75,55.25,0],"ix":2},"a":{"a":0,"k":[180.75,180.25,0],"ix":1},"s":{"a":0,"k":[100,100,100],"ix":6}},"ao":0,"shapes":[{"ty":"gr","it":[{"ty":"gr","it":[{"ind":0,"ty":"sh","ix":1,"ks":{"a":0,"k":{"i":[[0.006,-1.472],[0,0],[8.522,0],[0,0],[0.093,2.981],[-1.107,1.059],[0,0],[-2.154,-2.142]],"o":[[0,0],[-0.055,8.521],[0,0],[-2.981,0.093],[-0.048,-1.532],[0,0],[2.142,-2.154],[1.044,1.038]],"v":[[36.534,-31.14],[36.534,21.26],[21.034,36.66],[-30.966,36.66],[-36.531,31.43],[-34.866,27.36],[27.134,-35.04],[34.912,-35.062]],"c":true},"ix":2},"nm":"Path 1","mn":"ADBE Vector Shape - Group","hd":false},{"ty":"fl","c":{"a":0,"k":[1,0.717647075653,0.074509806931,1],"ix":4},"o":{"a":0,"k":100,"ix":5},"r":1,"bm":0,"nm":"Fill 1","mn":"ADBE Vector Graphic - Fill","hd":false},{"ty":"tr","p":{"a":0,"k":[169.266,171.14],"ix":2},"a":{"a":0,"k":[0,0],"ix":1},"s":{"a":0,"k":[100,100],"ix":3},"r":{"a":0,"k":0,"ix":6},"o":{"a":0,"k":100,"ix":7},"sk":{"a":0,"k":0,"ix":4},"sa":{"a":0,"k":0,"ix":5},"nm":"Transform"}],"nm":"Group 1","np":2,"cix":2,"bm":0,"ix":1,"mn":"ADBE Vector Group","hd":false},{"ty":"gr","it":[{"ind":0,"ty":"sh","ix":1,"ks":{"a":0,"k":{"i":[[0,0],[0,0],[6.228,-6.228],[0,0],[-6.228,-6.228],[0,0],[0,0],[0,0],[-0.031,-0.031],[-25.436,25.488],[0.005,17.312],[0,0],[4.824,4.637]],"o":[[0,0],[-6.228,-6.228],[0,0],[-6.228,6.228],[0,0],[0,0],[0,0],[0.031,0.031],[25.488,25.436],[12.293,-12.191],[0,0],[0,-6.691],[0,0]],"v":[[55.079,-33.158],[23.344,-64.893],[0.79,-64.893],[-66.317,2.214],[-66.317,24.768],[-33.987,57.098],[-33.911,57.022],[-33.906,57.027],[-33.813,57.12],[58.394,57.027],[77.594,10.927],[77.594,-1.045],[70.043,-18.775]],"c":true},"ix":2},"nm":"Path 1","mn":"ADBE Vector Shape - Group","hd":false},{"ty":"fl","c":{"a":0,"k":[1,0.847058832645,0.211764708161,1],"ix":4},"o":{"a":0,"k":100,"ix":5},"r":1,"bm":0,"nm":"Fill 1","mn":"ADBE Vector Graphic - Fill","hd":false},{"ty":"tr","p":{"a":0,"k":[167.706,169.073],"ix":2},"a":{"a":0,"k":[0,0],"ix":1},"s":{"a":0,"k":[100,100],"ix":3},"r":{"a":0,"k":0,"ix":6},"o":{"a":0,"k":100,"ix":7},"sk":{"a":0,"k":0,"ix":4},"sa":{"a":0,"k":0,"ix":5},"nm":"Transform"}],"nm":"Group 2","np":2,"cix":2,"bm":0,"ix":2,"mn":"ADBE Vector Group","hd":false},{"ty":"tr","p":{"a":0,"k":[167.706,169.073],"ix":2},"a":{"a":0,"k":[167.706,169.073],"ix":1},"s":{"a":0,"k":[100,100],"ix":3},"r":{"a":0,"k":0,"ix":6},"o":{"a":0,"k":100,"ix":7},"sk":{"a":0,"k":0,"ix":4},"sa":{"a":0,"k":0,"ix":5},"nm":"Transform"}],"nm":"Group 1","np":2,"cix":2,"bm":0,"ix":1,"mn":"ADBE Vector Group","hd":false}],"ip":0,"op":150,"st":0,"bm":0},{"ddd":0,"ind":7,"ty":4,"nm":"pinky 2","parent":6,"sr":1,"ks":{"o":{"a":0,"k":100,"ix":11},"r":{"a":1,"k":[{"i":{"x":[0.667],"y":[1]},"o":{"x":[0.333],"y":[0]},"t":0,"s":[0]},{"i":{"x":[0.443],"y":[1]},"o":{"x":[0.333],"y":[0]},"t":13,"s":[-7]},{"i":{"x":[0.368],"y":[1]},"o":{"x":[0.559],"y":[0]},"t":25,"s":[4]},{"i":{"x":[0.368],"y":[1]},"o":{"x":[0.559],"y":[0]},"t":35,"s":[-5]},{"i":{"x":[0.368],"y":[1]},"o":{"x":[0.559],"y":[0]},"t":44,"s":[3]},{"i":{"x":[0.218],"y":[1]},"o":{"x":[0.672],"y":[0]},"t":54,"s":[-3]},{"i":{"x":[0.667],"y":[1]},"o":{"x":[0.672],"y":[0]},"t":64,"s":[2]},{"i":{"x":[0.667],"y":[1]},"o":{"x":[0.333],"y":[0]},"t":74,"s":[-2]},{"i":{"x":[0.667],"y":[1]},"o":{"x":[0.333],"y":[0]},"t":81,"s":[1]},{"t":87,"s":[0]}],"ix":10},"p":{"a":0,"k":[108.276,178.233,0],"ix":2},"a":{"a":0,"k":[19,19,0],"ix":1},"s":{"a":0,"k":[100,100,100],"ix":6}},"ao":0,"shapes":[{"ty":"gr","it":[{"ind":0,"ty":"sh","ix":1,"ks":{"a":0,"k":{"i":[[6.176,-6.176],[0,0],[6.17,6.17],[0,0],[-6.17,6.17],[0,0],[0,0],[-6.17,-6.17],[0,0],[0,0]],"o":[[0,0],[-6.17,6.17],[0,0],[-6.17,-6.17],[0,0],[0,0],[6.17,-6.17],[0,0],[0,0],[6.185,6.168]],"v":[[30.809,30.726],[30.754,30.781],[8.409,30.781],[-30.809,-8.437],[-30.809,-30.781],[-30.809,-30.781],[-30.809,-30.781],[-8.464,-30.781],[-8.464,-30.781],[30.793,8.366]],"c":true},"ix":2},"nm":"Path 1","mn":"ADBE Vector Shape - Group","hd":false},{"ty":"fl","c":{"a":0,"k":[1,0.847058832645,0.211764708161,1],"ix":4},"o":{"a":0,"k":100,"ix":5},"r":1,"bm":0,"nm":"Fill 1","mn":"ADBE Vector Graphic - Fill","hd":false},{"ty":"tr","p":{"a":0,"k":[0,0],"ix":2},"a":{"a":0,"k":[0,0],"ix":1},"s":{"a":0,"k":[100,100],"ix":3},"r":{"a":0,"k":0,"ix":6},"o":{"a":0,"k":100,"ix":7},"sk":{"a":0,"k":0,"ix":4},"sa":{"a":0,"k":0,"ix":5},"nm":"Transform"}],"nm":"pinky","np":2,"cix":2,"bm":0,"ix":1,"mn":"ADBE Vector Group","hd":false}],"ip":0,"op":150,"st":0,"bm":0},{"ddd":0,"ind":8,"ty":4,"nm":"ring 2","parent":6,"sr":1,"ks":{"o":{"a":0,"k":100,"ix":11},"r":{"a":1,"k":[{"i":{"x":[0.667],"y":[1]},"o":{"x":[0.333],"y":[0]},"t":0,"s":[0]},{"i":{"x":[0.443],"y":[1]},"o":{"x":[0.333],"y":[0]},"t":13,"s":[-7]},{"i":{"x":[0.368],"y":[1]},"o":{"x":[0.559],"y":[0]},"t":25,"s":[4]},{"i":{"x":[0.368],"y":[1]},"o":{"x":[0.559],"y":[0]},"t":35,"s":[-5]},{"i":{"x":[0.368],"y":[1]},"o":{"x":[0.559],"y":[0]},"t":44,"s":[3]},{"i":{"x":[0.218],"y":[1]},"o":{"x":[0.672],"y":[0]},"t":54,"s":[-3]},{"i":{"x":[0.667],"y":[1]},"o":{"x":[0.672],"y":[0]},"t":64,"s":[2]},{"i":{"x":[0.667],"y":[1]},"o":{"x":[0.333],"y":[0]},"t":74,"s":[-2]},{"i":{"x":[0.667],"y":[1]},"o":{"x":[0.333],"y":[0]},"t":81,"s":[1]},{"t":87,"s":[0]}],"ix":10},"p":{"a":0,"k":[130.054,155.604,0],"ix":2},"a":{"a":0,"k":[29,29.5,0],"ix":1},"s":{"a":0,"k":[100,100,100],"ix":6}},"ao":0,"shapes":[{"ty":"gr","it":[{"ind":0,"ty":"sh","ix":1,"ks":{"a":0,"k":{"i":[[6.175,-6.175],[0,0],[6.17,6.17],[0,0],[-6.17,6.17],[0,0],[0,0],[-6.17,-6.17],[0,0],[0,0]],"o":[[0,0],[-6.17,6.17],[0,0],[-6.17,-6.17],[0,0],[0,0],[6.17,-6.17],[0,0],[0,0],[6.181,6.168]],"v":[[40.073,39.984],[40.014,40.044],[17.669,40.044],[-40.073,-17.699],[-40.073,-40.044],[-40.073,-40.044],[-40.073,-40.044],[-17.729,-40.044],[-17.729,-40.044],[40.062,17.628]],"c":true},"ix":2},"nm":"Path 1","mn":"ADBE Vector Shape - Group","hd":false},{"ty":"fl","c":{"a":0,"k":[1,0.847058832645,0.211764708161,1],"ix":4},"o":{"a":0,"k":100,"ix":5},"r":1,"bm":0,"nm":"Fill 1","mn":"ADBE Vector Graphic - Fill","hd":false},{"ty":"tr","p":{"a":0,"k":[0,0],"ix":2},"a":{"a":0,"k":[0,0],"ix":1},"s":{"a":0,"k":[100,100],"ix":3},"r":{"a":0,"k":0,"ix":6},"o":{"a":0,"k":100,"ix":7},"sk":{"a":0,"k":0,"ix":4},"sa":{"a":0,"k":0,"ix":5},"nm":"Transform"}],"nm":"ring","np":2,"cix":2,"bm":0,"ix":1,"mn":"ADBE Vector Group","hd":false}],"ip":0,"op":150,"st":0,"bm":0},{"ddd":0,"ind":9,"ty":4,"nm":"middle 2","parent":6,"sr":1,"ks":{"o":{"a":0,"k":100,"ix":11},"r":{"a":1,"k":[{"i":{"x":[0.667],"y":[1]},"o":{"x":[0.333],"y":[0]},"t":0,"s":[0]},{"i":{"x":[0.443],"y":[1]},"o":{"x":[0.333],"y":[0]},"t":13,"s":[-7]},{"i":{"x":[0.368],"y":[1]},"o":{"x":[0.559],"y":[0]},"t":25,"s":[4]},{"i":{"x":[0.368],"y":[1]},"o":{"x":[0.559],"y":[0]},"t":35,"s":[-5]},{"i":{"x":[0.368],"y":[1]},"o":{"x":[0.559],"y":[0]},"t":44,"s":[3]},{"i":{"x":[0.218],"y":[1]},"o":{"x":[0.672],"y":[0]},"t":54,"s":[-3]},{"i":{"x":[0.667],"y":[1]},"o":{"x":[0.672],"y":[0]},"t":64,"s":[2]},{"i":{"x":[0.667],"y":[1]},"o":{"x":[0.333],"y":[0]},"t":74,"s":[-2]},{"i":{"x":[0.667],"y":[1]},"o":{"x":[0.333],"y":[0]},"t":81,"s":[1]},{"t":87,"s":[0]}],"ix":10},"p":{"a":0,"k":[152.401,132.715,0],"ix":2},"a":{"a":0,"k":[31.5,31.5,0],"ix":1},"s":{"a":0,"k":[100,100,100],"ix":6}},"ao":0,"shapes":[{"ty":"gr","it":[{"ind":0,"ty":"sh","ix":1,"ks":{"a":0,"k":{"i":[[6.174,-6.174],[0,0],[6.17,6.17],[0,0],[-6.17,6.17],[0,0],[0,0],[-6.17,-6.17],[0,0],[0,0]],"o":[[0,0],[-6.17,6.17],[0,0],[-6.17,-6.17],[0,0],[0,0],[6.17,-6.17],[0,0],[0,0],[6.18,6.169]],"v":[[42.736,42.646],[42.676,42.706],[20.332,42.706],[-42.736,-20.362],[-42.736,-42.706],[-42.736,-42.706],[-42.736,-42.706],[-20.392,-42.706],[-20.392,-42.706],[42.726,20.291]],"c":true},"ix":2},"nm":"Path 1","mn":"ADBE Vector Shape - Group","hd":false},{"ty":"fl","c":{"a":0,"k":[1,0.847058832645,0.211764708161,1],"ix":4},"o":{"a":0,"k":100,"ix":5},"r":1,"bm":0,"nm":"Fill 1","mn":"ADBE Vector Graphic - Fill","hd":false},{"ty":"tr","p":{"a":0,"k":[0,0],"ix":2},"a":{"a":0,"k":[0,0],"ix":1},"s":{"a":0,"k":[100,100],"ix":3},"r":{"a":0,"k":0,"ix":6},"o":{"a":0,"k":100,"ix":7},"sk":{"a":0,"k":0,"ix":4},"sa":{"a":0,"k":0,"ix":5},"nm":"Transform"}],"nm":"middle","np":2,"cix":2,"bm":0,"ix":1,"mn":"ADBE Vector Group","hd":false}],"ip":0,"op":150,"st":0,"bm":0},{"ddd":0,"ind":10,"ty":4,"nm":"index 2","parent":6,"sr":1,"ks":{"o":{"a":0,"k":100,"ix":11},"r":{"a":1,"k":[{"i":{"x":[0.667],"y":[1]},"o":{"x":[0.333],"y":[0]},"t":0,"s":[0]},{"i":{"x":[0.443],"y":[1]},"o":{"x":[0.333],"y":[0]},"t":13,"s":[-7]},{"i":{"x":[0.368],"y":[1]},"o":{"x":[0.559],"y":[0]},"t":25,"s":[4]},{"i":{"x":[0.368],"y":[1]},"o":{"x":[0.559],"y":[0]},"t":35,"s":[-5]},{"i":{"x":[0.368],"y":[1]},"o":{"x":[0.559],"y":[0]},"t":44,"s":[3]},{"i":{"x":[0.218],"y":[1]},"o":{"x":[0.672],"y":[0]},"t":54,"s":[-3]},{"i":{"x":[0.667],"y":[1]},"o":{"x":[0.672],"y":[0]},"t":64,"s":[2]},{"i":{"x":[0.667],"y":[1]},"o":{"x":[0.333],"y":[0]},"t":74,"s":[-2]},{"i":{"x":[0.667],"y":[1]},"o":{"x":[0.333],"y":[0]},"t":81,"s":[1]},{"t":87,"s":[0]}],"ix":10},"p":{"a":0,"k":[178.036,113.579,0],"ix":2},"a":{"a":0,"k":[26,26,0],"ix":1},"s":{"a":0,"k":[100,100,100],"ix":6}},"ao":0,"shapes":[{"ty":"gr","it":[{"ind":0,"ty":"sh","ix":1,"ks":{"a":0,"k":{"i":[[0,0],[6.17,6.17],[0,0],[-6.17,6.17],[0,0],[0,0],[-6.17,-6.17],[0,0],[0,0],[6.17,-6.17]],"o":[[-6.17,6.17],[0,0],[-6.17,-6.17],[0,0],[0,0],[6.17,-6.17],[0,0],[0,0],[6.17,6.17],[0,0]],"v":[[35.992,35.992],[13.647,35.992],[-35.992,-13.647],[-35.992,-35.992],[-35.992,-35.992],[-35.992,-35.992],[-13.647,-35.992],[-13.647,-35.992],[35.992,13.647],[35.992,35.992]],"c":true},"ix":2},"nm":"Path 1","mn":"ADBE Vector Shape - Group","hd":false},{"ty":"fl","c":{"a":0,"k":[1,0.847058832645,0.211764708161,1],"ix":4},"o":{"a":0,"k":100,"ix":5},"r":1,"bm":0,"nm":"Fill 1","mn":"ADBE Vector Graphic - Fill","hd":false},{"ty":"tr","p":{"a":0,"k":[0,0],"ix":2},"a":{"a":0,"k":[0,0],"ix":1},"s":{"a":0,"k":[100,100],"ix":3},"r":{"a":0,"k":0,"ix":6},"o":{"a":0,"k":100,"ix":7},"sk":{"a":0,"k":0,"ix":4},"sa":{"a":0,"k":0,"ix":5},"nm":"Transform"}],"nm":"index","np":2,"cix":2,"bm":0,"ix":1,"mn":"ADBE Vector Group","hd":false}],"ip":0,"op":150,"st":0,"bm":0},{"ddd":0,"ind":11,"ty":4,"nm":"thumb 2","parent":6,"sr":1,"ks":{"o":{"a":0,"k":100,"ix":11},"r":{"a":1,"k":[{"i":{"x":[0.667],"y":[1]},"o":{"x":[0.333],"y":[0]},"t":0,"s":[0]},{"i":{"x":[0.443],"y":[1]},"o":{"x":[0.333],"y":[0]},"t":13,"s":[-7]},{"i":{"x":[0.368],"y":[1]},"o":{"x":[0.559],"y":[0]},"t":25,"s":[8]},{"i":{"x":[0.368],"y":[1]},"o":{"x":[0.559],"y":[0]},"t":35,"s":[-5]},{"i":{"x":[0.368],"y":[1]},"o":{"x":[0.559],"y":[0]},"t":44,"s":[6]},{"i":{"x":[0.218],"y":[1]},"o":{"x":[0.672],"y":[0]},"t":54,"s":[-3]},{"i":{"x":[0.667],"y":[1]},"o":{"x":[0.672],"y":[0]},"t":64,"s":[4]},{"i":{"x":[0.667],"y":[1]},"o":{"x":[0.333],"y":[0]},"t":74,"s":[-2]},{"i":{"x":[0.667],"y":[1]},"o":{"x":[0.333],"y":[0]},"t":81,"s":[1]},{"t":87,"s":[0]}],"ix":10},"p":{"a":0,"k":[225.7,161.65,0],"ix":2},"a":{"a":0,"k":[0,40,0],"ix":1},"s":{"a":0,"k":[100,100,100],"ix":6}},"ao":0,"shapes":[{"ty":"gr","it":[{"ind":0,"ty":"sh","ix":1,"ks":{"a":0,"k":{"i":[[-10.77,0],[0,0],[0,-10.77],[0,0],[5.523,0],[0,0],[0,5.523],[0,0]],"o":[[0,0],[10.77,0],[0,0],[0,5.523],[0,0],[-5.523,0],[0,0],[0,-10.77]],"v":[[0,-53.45],[0,-53.45],[19.5,-33.95],[19.5,43.45],[9.5,53.45],[-9.5,53.45],[-19.5,43.45],[-19.5,-33.95]],"c":true},"ix":2},"nm":"Path 1","mn":"ADBE Vector Shape - Group","hd":false},{"ty":"fl","c":{"a":0,"k":[1,0.847058832645,0.211764708161,1],"ix":4},"o":{"a":0,"k":100,"ix":5},"r":1,"bm":0,"nm":"Fill 1","mn":"ADBE Vector Graphic - Fill","hd":false},{"ty":"tr","p":{"a":0,"k":[0,0],"ix":2},"a":{"a":0,"k":[0,0],"ix":1},"s":{"a":0,"k":[100,100],"ix":3},"r":{"a":0,"k":0,"ix":6},"o":{"a":0,"k":100,"ix":7},"sk":{"a":0,"k":0,"ix":4},"sa":{"a":0,"k":0,"ix":5},"nm":"Transform"}],"nm":"thumb","np":2,"cix":2,"bm":0,"ix":1,"mn":"ADBE Vector Group","hd":false}],"ip":0,"op":150,"st":0,"bm":0},{"ddd":0,"ind":12,"ty":4,"nm":"pulse_top 2","parent":1,"sr":1,"ks":{"o":{"a":1,"k":[{"i":{"x":[0.667],"y":[1]},"o":{"x":[0.333],"y":[0]},"t":0,"s":[100]},{"i":{"x":[0.667],"y":[1]},"o":{"x":[0.333],"y":[0]},"t":12,"s":[0]},{"i":{"x":[0.667],"y":[1]},"o":{"x":[0.333],"y":[0]},"t":84,"s":[0]},{"t":95,"s":[100]}],"ix":11},"r":{"a":0,"k":0,"ix":10},"p":{"s":true,"x":{"a":0,"k":-18.5,"ix":3},"y":{"a":0,"k":-15.5,"ix":4}},"a":{"a":0,"k":[106.5,109.5,0],"ix":1},"s":{"a":0,"k":[100,100,100],"ix":6}},"ao":0,"shapes":[{"ty":"gr","it":[{"ind":0,"ty":"sh","ix":1,"ks":{"a":0,"k":{"i":[[-9.822,0],[0,-9.822]],"o":[[9.822,0],[0,9.822]],"v":[[-8.893,-8.893],[8.893,8.893]],"c":false},"ix":2},"nm":"Path 1","mn":"ADBE Vector Shape - Group","hd":false},{"ty":"st","c":{"a":0,"k":[0.482352942228,0.635294139385,1,1],"ix":3},"o":{"a":0,"k":100,"ix":4},"w":{"a":0,"k":15,"ix":5},"lc":2,"lj":2,"bm":0,"nm":"Stroke 1","mn":"ADBE Vector Graphic - Stroke","hd":false},{"ty":"tr","p":{"a":0,"k":[161.431,47.969],"ix":2},"a":{"a":0,"k":[0,0],"ix":1},"s":{"a":0,"k":[100,100],"ix":3},"r":{"a":0,"k":0,"ix":6},"o":{"a":0,"k":100,"ix":7},"sk":{"a":0,"k":0,"ix":4},"sa":{"a":0,"k":0,"ix":5},"nm":"Transform"}],"nm":"Group 1","np":2,"cix":2,"bm":0,"ix":1,"mn":"ADBE Vector Group","hd":false},{"ty":"gr","it":[{"ind":0,"ty":"sh","ix":1,"ks":{"a":0,"k":{"i":[[-24.312,0],[0,-24.312]],"o":[[24.312,0],[0,24.312]],"v":[[-22.01,-22.01],[22.01,22.01]],"c":false},"ix":2},"nm":"Path 1","mn":"ADBE Vector Shape - Group","hd":false},{"ty":"st","c":{"a":0,"k":[0.482352942228,0.635294139385,1,1],"ix":3},"o":{"a":0,"k":100,"ix":4},"w":{"a":0,"k":15,"ix":5},"lc":2,"lj":2,"bm":0,"nm":"Stroke 1","mn":"ADBE Vector Graphic - Stroke","hd":false},{"ty":"tr","p":{"a":0,"k":[174.95,34.45],"ix":2},"a":{"a":0,"k":[0,0],"ix":1},"s":{"a":0,"k":[100,100],"ix":3},"r":{"a":0,"k":0,"ix":6},"o":{"a":0,"k":100,"ix":7},"sk":{"a":0,"k":0,"ix":4},"sa":{"a":0,"k":0,"ix":5},"nm":"Transform"}],"nm":"Group 2","np":2,"cix":2,"bm":0,"ix":2,"mn":"ADBE Vector Group","hd":false},{"ty":"tm","s":{"a":0,"k":0,"ix":1},"e":{"a":0,"k":100,"ix":2},"o":{"a":0,"k":0,"ix":3},"m":1,"ix":3,"nm":"Trim Paths 1","mn":"ADBE Vector Filter - Trim","hd":false}],"ip":0,"op":150,"st":0,"bm":0},{"ddd":0,"ind":13,"ty":4,"nm":"pulse_bot 2","parent":1,"sr":1,"ks":{"o":{"a":1,"k":[{"i":{"x":[0.667],"y":[1]},"o":{"x":[0.333],"y":[0]},"t":0,"s":[100]},{"i":{"x":[0.667],"y":[1]},"o":{"x":[0.333],"y":[0]},"t":12,"s":[0]},{"i":{"x":[0.667],"y":[1]},"o":{"x":[0.333],"y":[0]},"t":84,"s":[0]},{"t":95,"s":[100]}],"ix":11},"r":{"a":0,"k":0,"ix":10},"p":{"a":0,"k":[-18.5,-15.5,0],"ix":2},"a":{"a":0,"k":[106.5,109.5,0],"ix":1},"s":{"a":0,"k":[100,100,100],"ix":6}},"ao":0,"shapes":[{"ty":"gr","it":[{"ind":0,"ty":"sh","ix":1,"ks":{"a":0,"k":{"i":[[9.822,0],[0,9.822]],"o":[[-9.822,0],[0,-9.822]],"v":[[8.893,8.893],[-8.893,-8.893]],"c":false},"ix":2},"nm":"Path 1","mn":"ADBE Vector Shape - Group","hd":false},{"ty":"st","c":{"a":0,"k":[0.482352942228,0.635294139385,1,1],"ix":3},"o":{"a":0,"k":100,"ix":4},"w":{"a":0,"k":15,"ix":5},"lc":2,"lj":2,"bm":0,"nm":"Stroke 1","mn":"ADBE Vector Graphic - Stroke","hd":false},{"ty":"tr","p":{"a":0,"k":[45.093,164.307],"ix":2},"a":{"a":0,"k":[0,0],"ix":1},"s":{"a":0,"k":[100,100],"ix":3},"r":{"a":0,"k":0,"ix":6},"o":{"a":0,"k":100,"ix":7},"sk":{"a":0,"k":0,"ix":4},"sa":{"a":0,"k":0,"ix":5},"nm":"Transform"}],"nm":"Group 1","np":2,"cix":2,"bm":0,"ix":1,"mn":"ADBE Vector Group","hd":false},{"ty":"gr","it":[{"ind":0,"ty":"sh","ix":1,"ks":{"a":0,"k":{"i":[[24.312,0],[0,24.312]],"o":[[-24.312,0],[0,-24.312]],"v":[[22.01,22.01],[-22.01,-22.01]],"c":false},"ix":2},"nm":"Path 1","mn":"ADBE Vector Shape - Group","hd":false},{"ty":"st","c":{"a":0,"k":[0.482352942228,0.635294139385,1,1],"ix":3},"o":{"a":0,"k":100,"ix":4},"w":{"a":0,"k":15,"ix":5},"lc":2,"lj":2,"bm":0,"nm":"Stroke 1","mn":"ADBE Vector Graphic - Stroke","hd":false},{"ty":"tr","p":{"a":0,"k":[31.574,177.826],"ix":2},"a":{"a":0,"k":[0,0],"ix":1},"s":{"a":0,"k":[100,100],"ix":3},"r":{"a":0,"k":0,"ix":6},"o":{"a":0,"k":100,"ix":7},"sk":{"a":0,"k":0,"ix":4},"sa":{"a":0,"k":0,"ix":5},"nm":"Transform"}],"nm":"Group 2","np":2,"cix":2,"bm":0,"ix":2,"mn":"ADBE Vector Group","hd":false},{"ty":"tm","s":{"a":0,"k":0,"ix":1},"e":{"a":0,"k":100,"ix":2},"o":{"a":0,"k":0,"ix":3},"m":1,"ix":3,"nm":"Trim Paths 1","mn":"ADBE Vector Filter - Trim","hd":false}],"ip":0,"op":150,"st":0,"bm":0}],"markers":[]}